--DDL ---- CREATE DATABASE OrderSomething
USE [master]
GO

IF EXISTS (SELECT name FROM master.dbo.sysdatabases WHERE name = N'SE1602_HoangTC_HE150003')
BEGIN
	DROP DATABASE [SE1602_HoangTC_HE150003];
END
GO

CREATE DATABASE SE1602_HoangTC_HE150003
GO

USE SE1602_HoangTC_HE150003
GO


--DROP DATABASE SE1602_HoangTC_HE150003;

CREATE TABLE [WareStatus](
	ID [int] NOT NULL primary key,
	[Status] nvarchar(100) NOT NULL
)
GO

CREATE TABLE [Type](
	typeID [int] NOT NULL primary key,
	[Name] nvarchar(255) NOT NULL
)
GO

CREATE TABLE Ware(
	wareID [int] NOT NULL primary key,
	wareName varchar(150) NOT NULL,
	price [money] NOT NULL,
	typeID [int] NULL references [Type](typeID),
	StatusID [int] NULL references WareStatus(ID)
)
GO

CREATE TABLE Shippers(
	shipperID [int] NOT NULL primary key,
	[name] varchar(150) NOT NULL,
	vehicle varchar(150) NOT NULL
)
GO

CREATE TABLE Client(
    clientID [int] NOT NULL primary key,
	clientName nvarchar (150) NOT NULL,
	gender [bit] NULL,
	DOB [date] NOT NULL,
	City nvarchar(255) NULL
)
GO

CREATE TABLE Orders(
    ID [int] NOT NULL primary key,
	dateOrder [date] NOT NULL,
	ClientID [int] NOT NULL,
	shipID [int] NOT NULL,
	CONSTRAINT FK_Order_Client FOREIGN KEY (ClientID) REFERENCES Client(clientID),
	CONSTRAINT FK_Order_Shipper FOREIGN KEY (shipid) REFERENCES Shippers(shipperID)
)
GO

CREATE TABLE OrderDetails(
    orderID [int] NOT NULL FOREIGN KEY (orderID) REFERENCES Orders(ID),
	wareID [int] NOT NULL FOREIGN KEY (wareID) REFERENCES Ware(wareID),
	Quantity [int] NULL,
	UnitPrice [money] NOT NULL,
	CONSTRAINT PK_OrderDetails PRIMARY KEY(orderID, wareID)
)
GO

INSERT [Type] ([typeID], [Name]) VALUES (1, N'Office Supplies')
INSERT [Type] ([typeID], [Name]) VALUES (2, N'Food and Drink')
INSERT [Type] ([typeID], [Name]) VALUES (3, N'Technology')
INSERT [Type] ([typeID], [Name]) VALUES (4, N'Sport')
INSERT [Type] ([typeID], [Name]) VALUES (5, N'Fashion')
GO

INSERT [WareStatus] ([ID], [Status]) VALUES (1, N'Dirty')
INSERT [WareStatus] ([ID], [Status]) VALUES (2, N'New')
INSERT [WareStatus] ([ID], [Status]) VALUES (3, N'Dust')
INSERT [WareStatus] ([ID], [Status]) VALUES (4, N'New')
INSERT [WareStatus] ([ID], [Status]) VALUES (5, N'Dirty')
INSERT [WareStatus] ([ID], [Status]) VALUES (6, N'New')
INSERT [WareStatus] ([ID], [Status]) VALUES (7, N'Dust')
INSERT [WareStatus] ([ID], [Status]) VALUES (8, N'New')
INSERT [WareStatus] ([ID], [Status]) VALUES (9, N'Dirty')
INSERT [WareStatus] ([ID], [Status]) VALUES (10, N'New')
INSERT [WareStatus] ([ID], [Status]) VALUES (11, N'Dirty')
INSERT [WareStatus] ([ID], [Status]) VALUES (12, N'Dirty')
INSERT [WareStatus] ([ID], [Status]) VALUES (13, N'New')
INSERT [WareStatus] ([ID], [Status]) VALUES (14, N'New')
INSERT [WareStatus] ([ID], [Status]) VALUES (15, N'New')
INSERT [WareStatus] ([ID], [Status]) VALUES (16, N'New')
INSERT [WareStatus] ([ID], [Status]) VALUES (17, N'Dirty')
INSERT [WareStatus] ([ID], [Status]) VALUES (18, N'New')
INSERT [WareStatus] ([ID], [Status]) VALUES (19, N'Dust')
INSERT [WareStatus] ([ID], [Status]) VALUES (20, N'Dust')
INSERT [WareStatus] ([ID], [Status]) VALUES (21, N'New')
INSERT [WareStatus] ([ID], [Status]) VALUES (22, N'New')
INSERT [WareStatus] ([ID], [Status]) VALUES (23, N'Dirty')
INSERT [WareStatus] ([ID], [Status]) VALUES (24, N'New')
INSERT [WareStatus] ([ID], [Status]) VALUES (25, N'Dust')
INSERT [WareStatus] ([ID], [Status]) VALUES (26, N'New')
INSERT [WareStatus] ([ID], [Status]) VALUES (27, N'New')
INSERT [WareStatus] ([ID], [Status]) VALUES (28, N'Dust')
INSERT [WareStatus] ([ID], [Status]) VALUES (29, N'New')
INSERT [WareStatus] ([ID], [Status]) VALUES (30, N'New')
INSERT [WareStatus] ([ID], [Status]) VALUES (31, N'Dust')
GO

INSERT [Ware] ([wareID], [wareName], [price], [typeID], [StatusID])
VALUES (1, N'Banh mi nho', 15000, 2, 1)
INSERT [Ware] ([wareID], [wareName], [price], [typeID], [StatusID])
VALUES (2, N'Ao ni CropTo', 350000, 5, 2)
INSERT [Ware] ([wareID], [wareName], [price], [typeID], [StatusID])
VALUES (3, N'Gau bong', 125000, 1, 3)
INSERT [Ware] ([wareID], [wareName], [price], [typeID], [StatusID])
VALUES (4, N'BVS Diana Sensi', 45000, 1, NULL)
INSERT [Ware] ([wareID], [wareName], [price], [typeID], [StatusID])
VALUES (5, N'Banh mi an kieng HSC', 53900, 2, 5)
INSERT [Ware] ([wareID], [wareName], [price], [typeID], [StatusID])
VALUES (6, N'Keo deo PlayMode', 19600, 2, 6)
INSERT [Ware] ([wareID], [wareName], [price], [typeID], [StatusID])
VALUES (7, N'Ca hoi phile', 118000, 2, 7)
INSERT [Ware] ([wareID], [wareName], [price], [typeID], [StatusID])
VALUES (8, N'Gum XYLYTON', 45000, 2, 8)
INSERT [Ware] ([wareID], [wareName], [price], [typeID], [StatusID])
VALUES (9, N'Sot cay SAMGANG', 125400, 2, 9)
INSERT [Ware] ([wareID], [wareName], [price], [typeID], [StatusID])
VALUES (10, N'Snack muc bento', 15000, 2, 10)
INSERT [Ware] ([wareID], [wareName], [price], [typeID], [StatusID])
VALUES (11, N'Snack muc bento', 15000, 2, 11)
INSERT [Ware] ([wareID], [wareName], [price], [typeID], [StatusID])
VALUES (12, N'May hut bui LG', 2145000, 3, NULL)
INSERT [Ware] ([wareID], [wareName], [price], [typeID], [StatusID])
VALUES (13, N'Ao the thao ADIDAS', 1125000, 4, 13)
INSERT [Ware] ([wareID], [wareName], [price], [typeID], [StatusID])
VALUES (14, N'Tho bong mau hong', 115000, 1, 14)
INSERT [Ware] ([wareID], [wareName], [price], [typeID], [StatusID])
VALUES (15, N'Hop but bi xanh', 38000, 1, 15)
INSERT [Ware] ([wareID], [wareName], [price], [typeID], [StatusID])
VALUES (16, N'Sinh to trai cay HKD', 72000, 2, 16)
INSERT [Ware] ([wareID], [wareName], [price], [typeID], [StatusID])
VALUES (17, N'Sinh to trai cay HKD', 72000, 2, 16)
INSERT [Ware] ([wareID], [wareName], [price], [typeID], [StatusID])
VALUES (18, N'Lo vi song DIAMON', 1990000, 2, NULL)
INSERT [Ware] ([wareID], [wareName], [price], [typeID], [StatusID])
VALUES (19, N'Ao tho hong baby', 99000, 4, 2)
INSERT [Ware] ([wareID], [wareName], [price], [typeID], [StatusID])
VALUES (20, N'Banh su kem', 30000, 2, 7)
INSERT [Ware] ([wareID], [wareName], [price], [typeID], [StatusID])
VALUES (21, N'Nuoc tuong CHINSU', 24000, 2, NULL)
INSERT [Ware] ([wareID], [wareName], [price], [typeID], [StatusID])
VALUES (22, N'Tivi PANASONIC 55INCH', 14500000, 3, NULL)
INSERT [Ware] ([wareID], [wareName], [price], [typeID], [StatusID])
VALUES (23, N'Vo HONG HA 200 trang', 12000, 1, 1)
INSERT [Ware] ([wareID], [wareName], [price], [typeID], [StatusID])
VALUES (24, N'Nuoc ep cam 1L', 34000, 2, 10)
INSERT [Ware] ([wareID], [wareName], [price], [typeID], [StatusID])
VALUES (25, N'Nuoc ep tao 1L', 34000, 2, 10)
INSERT [Ware] ([wareID], [wareName], [price], [typeID], [StatusID])
VALUES (26, N'Nuoc ep nho 1L', 34000, 2, 10)
INSERT [Ware] ([wareID], [wareName], [price], [typeID], [StatusID])
VALUES (27, N'Giay an KIKI', 29000, 1, 8)
INSERT [Ware] ([wareID], [wareName], [price], [typeID], [StatusID])
VALUES (28, N'Giay the thao NIKE', 2670000, 4, 1)
INSERT [Ware] ([wareID], [wareName], [price], [typeID], [StatusID])
VALUES (29, N'LapTop ASUS', 35000000, 3, 11)
INSERT [Ware] ([wareID], [wareName], [price], [typeID], [StatusID])
VALUES (30, N'Ao phong ZARA', 1390000, 5, 10)
INSERT [Ware] ([wareID], [wareName], [price], [typeID], [StatusID])
VALUES (31, N'Bo dung cu lam bep', 215000, 1, 12)
INSERT [Ware] ([wareID], [wareName], [price], [typeID], [StatusID])
VALUES (32, N'Mo hinh thap Pari', 319000, 1, 14)
INSERT [Ware] ([wareID], [wareName], [price], [typeID], [StatusID])
VALUES (33, N'Den hoc RANG DONG', 99000, 1, NULL)
INSERT [Ware] ([wareID], [wareName], [price], [typeID], [StatusID])
VALUES (34, N'Sua rua mat OXI', 89000, 1, 1)
INSERT [Ware] ([wareID], [wareName], [price], [typeID], [StatusID])
VALUES (35, N'Sua rua mat Nghe', 29000, 1, 3)
INSERT [Ware] ([wareID], [wareName], [price], [typeID], [StatusID])
VALUES (36, N'Ban phim may vi tinh', 239000, 1, 5)
INSERT [Ware] ([wareID], [wareName], [price], [typeID], [StatusID])
VALUES (37, N'Son MAC', 450000, 5, 5)
INSERT [Ware] ([wareID], [wareName], [price], [typeID], [StatusID])
VALUES (38, N'Coc su BAT TRANG', 119000, 1, 11)
INSERT [Ware] ([wareID], [wareName], [price], [typeID], [StatusID])
VALUES (39, N'Banh mi dai', 19000, 2, NULL)
INSERT [Ware] ([wareID], [wareName], [price], [typeID], [StatusID])
VALUES (40, N'Banh mi dai', 19000, 2, 3)
INSERT [Ware] ([wareID], [wareName], [price], [typeID], [StatusID])
VALUES (41, N'Bo noi INOX', 1189000, 1, NULL)
INSERT [Ware] ([wareID], [wareName], [price], [typeID], [StatusID])
VALUES (42, N'May nghe nhac', 456400, 1, 31)
INSERT [Ware] ([wareID], [wareName], [price], [typeID], [StatusID])
VALUES (43, N'Snack dau Ha Lan', 35000, 2, 28)
INSERT [Ware] ([wareID], [wareName], [price], [typeID], [StatusID])
VALUES (44, N'DC Mark', 79000, 1, NULL)
INSERT [Ware] ([wareID], [wareName], [price], [typeID], [StatusID])
VALUES (45, N'DC Mark', 79000, 1, NULL)
INSERT [Ware] ([wareID], [wareName], [price], [typeID], [StatusID])
VALUES (46, N'DC Mark', 79000, 1, NULL)
INSERT [Ware] ([wareID], [wareName], [price], [typeID], [StatusID])
VALUES (47, N'Dau ca ngu', 219000, 2, NULL)
INSERT [Ware] ([wareID], [wareName], [price], [typeID], [StatusID])
VALUES (48, N'BIMBIM KIMO', 19000, 2, 15)
INSERT [Ware] ([wareID], [wareName], [price], [typeID], [StatusID])
VALUES (49, N'Ao khoac long thu', 1956000, 5, 6)
INSERT [Ware] ([wareID], [wareName], [price], [typeID], [StatusID])
VALUES (50, N'Tui xach Gucci(Fake)', 69000, 5, 20)
INSERT [Ware] ([wareID], [wareName], [price], [typeID], [StatusID])
VALUES (51, N'Bich Gang tay lam bep', 43200, 1, NULL)
INSERT [Ware] ([wareID], [wareName], [price], [typeID], [StatusID])
VALUES (52, N'Oto dieu khien tu xa', 699000, 1, NULL)
GO

INSERT [Shippers] ([shipperID], [name], [vehicle]) VALUES(1, N'Hue', N'motobike')
INSERT [Shippers] ([shipperID], [name], [vehicle]) VALUES(2, N'Nguyet', N'motobike')
INSERT [Shippers] ([shipperID], [name], [vehicle]) VALUES(3, N'Huy', N'bike' )
INSERT [Shippers] ([shipperID], [name], [vehicle]) VALUES(4, N'Hung', N'car')
INSERT [Shippers] ([shipperID], [name], [vehicle]) VALUES(5, N'Hoang', N'motobike')
INSERT [Shippers] ([shipperID], [name], [vehicle]) VALUES(6, N'Long', N'walk')
GO

INSERT [Client] ([clientID], [clientName], [gender], [DOB], [City])
VALUES(1, N'TC Hoang', 1, '1992-04-11', NULL)
INSERT [Client] ([clientID], [clientName], [gender], [DOB], [City])
VALUES(2, N'Ngo Son', 1, '1982-06-21', N'HaiDuong')
INSERT [Client] ([clientID], [clientName], [gender], [DOB], [City])
VALUES(3, N'Thi Huong', 0, '1975-06-22', NULL)
INSERT [Client] ([clientID], [clientName], [gender], [DOB], [City])
VALUES(4, N'Thi Yen', 0, '1977-10-10', N'HaNoi')
INSERT [Client] ([clientID], [clientName], [gender], [DOB], [City])
VALUES(5, N'Quoc Anh', 1, '2002-07-11', N'QuangNinh')
INSERT [Client] ([clientID], [clientName], [gender], [DOB], [City])
VALUES(6, N'Hoai Anh', NULL, '1993-05-07', N'HaiPhong')
INSERT [Client] ([clientID], [clientName], [gender], [DOB], [City])
VALUES(7, N'Hoang Anh', 1, '1998-06-13', N'HaiPhong')
INSERT [Client] ([clientID], [clientName], [gender], [DOB], [City])
VALUES(8, N'Quang Anh', 1, '2000-04-01', N'HaNoi')
INSERT [Client] ([clientID], [clientName], [gender], [DOB], [City])
VALUES(9, N'Thao Ngoc', 0, '1969-12-12', NULL)
INSERT [Client] ([clientID], [clientName], [gender], [DOB], [City])
VALUES(10, N'Duc Thang', 1, '1992-01-03', N'Hue')
INSERT [Client] ([clientID], [clientName], [gender], [DOB], [City])
VALUES(11, N'Doan Thai', 1, '1967-03-25', N'ThaiBinh')
INSERT [Client] ([clientID], [clientName], [gender], [DOB], [City])
VALUES(12, N'Tran Hoa', NULL, '1990-03-11', NULL)
INSERT [Client] ([clientID], [clientName], [gender], [DOB], [City])
VALUES(13, N'Le Ngoc', 0, '1990-10-13', N'HaiPhong')
INSERT [Client] ([clientID], [clientName], [gender], [DOB], [City])
VALUES(14, N'Peter', 1, '1985-02-04', N'HaiPhong')
INSERT [Client] ([clientID], [clientName], [gender], [DOB], [City])
VALUES(15, N'Chinh Nghia', NULL, '2001-01-24', N'HaNoi')
INSERT [Client] ([clientID], [clientName], [gender], [DOB], [City])
VALUES(16, N'Ly', 0, '2001-01-20', NULL)
INSERT [Client] ([clientID], [clientName], [gender], [DOB], [City])
VALUES(17, N'Linda', NULL, '1999-12-24', N'ThaiBinh')
INSERT [Client] ([clientID], [clientName], [gender], [DOB], [City])
VALUES(18, N'John', 1, '1999-12-19', N'NamDinh')
INSERT [Client] ([clientID], [clientName], [gender], [DOB], [City])
VALUES(19, N'Linh', 0, '1976-05-22', N'ThuaThienHue')
INSERT [Client] ([clientID], [clientName], [gender], [DOB], [City])
VALUES(20, N'Hong Hai', 1, '1962-03-25', N'Thanh Hoa')
INSERT [Client] ([clientID], [clientName], [gender], [DOB], [City])
VALUES(21, N'Nguyen Hung', 1, '1998-06-24', NULL)
INSERT [Client] ([clientID], [clientName], [gender], [DOB], [City])
VALUES(22, N'Hoa Mai', 0, '1990-01-19', N'NgheAn')
INSERT [Client] ([clientID], [clientName], [gender], [DOB], [City])
VALUES(23, N'Ari', 0, '1990-12-12', N'Nghe An')
INSERT [Client] ([clientID], [clientName], [gender], [DOB], [City])
VALUES(24, N'Joe', 0, '2000-03-04', NULL)
INSERT [Client] ([clientID], [clientName], [gender], [DOB], [City])
VALUES(25, N'Luyen', NULL, '2003-08-05', N'HaiPhong')
INSERT [Client] ([clientID], [clientName], [gender], [DOB], [City])
VALUES(26, N'Pham Oanh', NULL, '2000-08-01', N'Bac Ninh')
INSERT [Client] ([clientID], [clientName], [gender], [DOB], [City])
VALUES(27, N'Hai Nang', 0, '1956-11-13', N'Bac Ninh')
INSERT [Client] ([clientID], [clientName], [gender], [DOB], [City])
VALUES(28, N'Dinh Nguyen', 1, '1945-01-14', NULL)
INSERT [Client] ([clientID], [clientName], [gender], [DOB], [City])
VALUES(29, N'Quoc Cuong', 1, '2001-08-01', NULL)
INSERT [Client] ([clientID], [clientName], [gender], [DOB], [City])
VALUES(30, N'My Tam', 0, '2000-04-02', NULL)
INSERT [Client] ([clientID], [clientName], [gender], [DOB], [City])
VALUES(31, N'Le Quynh', 0, '1999-06-11', N'HaiPhong')
INSERT [Client] ([clientID], [clientName], [gender], [DOB], [City])
VALUES(32, N'Anh Duc', 1, '1990-01-19', N'HaNoi')
INSERT [Client] ([clientID], [clientName], [gender], [DOB], [City])
VALUES(33, N'My Le', NULL, '1967-01-01', N'HaNoi')
INSERT [Client] ([clientID], [clientName], [gender], [DOB], [City])
VALUES(34, N'Van Quang', 1, '1999-03-01', N'PhuQuoc')
INSERT [Client] ([clientID], [clientName], [gender], [DOB], [City])
VALUES(35, N'Van Viet', 1, '1986-06-08', N'NhaTrang')
INSERT [Client] ([clientID], [clientName], [gender], [DOB], [City])
VALUES(36, N'Sofia', 0, '1988-07-12', N'HaNoi')
INSERT [Client] ([clientID], [clientName], [gender], [DOB], [City])
VALUES(37, N'Reft', 1, '1999-08-30', NULL)
INSERT [Client] ([clientID], [clientName], [gender], [DOB], [City])
VALUES(38, N'Hoang Hiep', 1, '1986-07-30', N'BinhDinh')
INSERT [Client] ([clientID], [clientName], [gender], [DOB], [City])
VALUES(39, N'DL Hipe', 1, '1999-12-12', N'VinhPhuc')
INSERT [Client] ([clientID], [clientName], [gender], [DOB], [City])
VALUES(40, N'Mr Fress', 1, '2000-11-01', N'CaoBang')
INSERT [Client] ([clientID], [clientName], [gender], [DOB], [City])
VALUES(41, N'Binh', 0, '2002-12-27', N'HaiPhong')
INSERT [Client] ([clientID], [clientName], [gender], [DOB], [City])
VALUES(42, N'Suhuyang', 1, '2000-10-18', N'HaiPhong')
INSERT [Client] ([clientID], [clientName], [gender], [DOB], [City])
VALUES(43, N'Le Kiet', NULL, '1999-03-11', N'HaiPhong')
INSERT [Client] ([clientID], [clientName], [gender], [DOB], [City])
VALUES(44, N'Ly Viet', 0, '1990-01-18', N'NamDinh')
INSERT [Client] ([clientID], [clientName], [gender], [DOB], [City])
VALUES(45, N'Cam Ly', 0, '1988-05-22', N'TuyenQuang')
INSERT [Client] ([clientID], [clientName], [gender], [DOB], [City])
VALUES(46, N'Duong', 1, '2000-04-23', N'HaNoi')
INSERT [Client] ([clientID], [clientName], [gender], [DOB], [City])
VALUES(47, N'Minh Hoang', 1, '2001-07-12', N'HaNam')
INSERT [Client] ([clientID], [clientName], [gender], [DOB], [City])
VALUES(48, N'Hoang Huy', 1, '2000-07-01', N'HaNam')
INSERT [Client] ([clientID], [clientName], [gender], [DOB], [City])
VALUES(49, N'Diep', 0, '2001-09-01', N'HaiPhong')
INSERT [Client] ([clientID], [clientName], [gender], [DOB], [City])
VALUES(50, N'My My', 0, '2003-12-11', N'HaiPhong')
INSERT [Client] ([clientID], [clientName], [gender], [DOB], [City])
VALUES(51, N'Trang Thuy', 0, '1981-12-08', N'HaiPhong')
INSERT [Client] ([clientID], [clientName], [gender], [DOB], [City])
VALUES(52, N'Van Dung', NULL, '1991-11-19', N'HaiPhong')
INSERT [Client] ([clientID], [clientName], [gender], [DOB], [City])
VALUES(53, N'Trang Nguyen', 0, '1990-05-25', N'HaiPhong')
INSERT [Client] ([clientID], [clientName], [gender], [DOB], [City])
VALUES(54, N'Mai Lan', 0, '1995-03-12', NULL)
INSERT [Client] ([clientID], [clientName], [gender], [DOB], [City])
VALUES(55, N'Ky Duyen', 0, '1994-04-04', NULL)
INSERT [Client] ([clientID], [clientName], [gender], [DOB], [City])
VALUES(56, N'Bich Ngoc', 0, '1956-11-01', N'NinhBinh')
INSERT [Client] ([clientID], [clientName], [gender], [DOB], [City])
VALUES(57, N'Thu Cuc', 0, '2000-11-24', NULL)
INSERT [Client] ([clientID], [clientName], [gender], [DOB], [City])
VALUES(58, N'Hoa Binh', 1, '2000-12-12', N'TuyenQuang')
GO

INSERT [Orders] ([ID], [dateOrder], [ClientID], [shipID]) VALUES (1, '2021-07-02', 3, 6)
INSERT [Orders] ([ID], [dateOrder], [ClientID], [shipID]) VALUES (2, '2021-06-21', 1, 6)
INSERT [Orders] ([ID], [dateOrder], [ClientID], [shipID]) VALUES (3, '2021-07-29', 5, 6)
INSERT [Orders] ([ID], [dateOrder], [ClientID], [shipID]) VALUES (4, '2021-05-12', 12, 1)
INSERT [Orders] ([ID], [dateOrder], [ClientID], [shipID]) VALUES (5, '2021-07-04', 4, 2)
INSERT [Orders] ([ID], [dateOrder], [ClientID], [shipID]) VALUES (6, '2021-06-11', 2, 4)
INSERT [Orders] ([ID], [dateOrder], [ClientID], [shipID]) VALUES (7, '2021-07-12', 7, 1)
INSERT [Orders] ([ID], [dateOrder], [ClientID], [shipID]) VALUES (8, '2021-06-22', 8, 6)
INSERT [Orders] ([ID], [dateOrder], [ClientID], [shipID]) VALUES (9, '2021-06-12', 10, 3)
INSERT [Orders] ([ID], [dateOrder], [ClientID], [shipID]) VALUES (10, '2021-07-05', 51, 1)
INSERT [Orders] ([ID], [dateOrder], [ClientID], [shipID]) VALUES (11, '2021-06-30', 39, 6)
INSERT [Orders] ([ID], [dateOrder], [ClientID], [shipID]) VALUES (12, '2021-06-30', 23, 1) --
INSERT [Orders] ([ID], [dateOrder], [ClientID], [shipID]) VALUES (13, '2021-06-30', 14, 3)
INSERT [Orders] ([ID], [dateOrder], [ClientID], [shipID]) VALUES (14, '2021-06-30', 15, 1)
INSERT [Orders] ([ID], [dateOrder], [ClientID], [shipID]) VALUES (15, '2021-06-30', 19, 6)
INSERT [Orders] ([ID], [dateOrder], [ClientID], [shipID]) VALUES (16, '2021-06-30', 29, 3)
INSERT [Orders] ([ID], [dateOrder], [ClientID], [shipID]) VALUES (17, '2021-06-30', 16, 4)
INSERT [Orders] ([ID], [dateOrder], [ClientID], [shipID]) VALUES (18, '2021-06-30', 43, 4)
INSERT [Orders] ([ID], [dateOrder], [ClientID], [shipID]) VALUES (19, '2021-06-30', 32, 4)
INSERT [Orders] ([ID], [dateOrder], [ClientID], [shipID]) VALUES (20, '2021-06-30', 50, 2)
INSERT [Orders] ([ID], [dateOrder], [ClientID], [shipID]) VALUES (21, '2021-06-30', 12, 3)
INSERT [Orders] ([ID], [dateOrder], [ClientID], [shipID]) VALUES (22, '2021-06-30', 25, 4)
INSERT [Orders] ([ID], [dateOrder], [ClientID], [shipID]) VALUES (23, '2021-05-12', 44, 6)
INSERT [Orders] ([ID], [dateOrder], [ClientID], [shipID]) VALUES (24, '2021-01-18', 33, 3)
INSERT [Orders] ([ID], [dateOrder], [ClientID], [shipID]) VALUES (25, '2021-02-20', 22, 2)
INSERT [Orders] ([ID], [dateOrder], [ClientID], [shipID]) VALUES (26, '2021-11-02', 18, 3)
INSERT [Orders] ([ID], [dateOrder], [ClientID], [shipID]) VALUES (27, '2021-11-14', 37, 2)
INSERT [Orders] ([ID], [dateOrder], [ClientID], [shipID]) VALUES (28, '2021-02-28', 26, 1)
INSERT [Orders] ([ID], [dateOrder], [ClientID], [shipID]) VALUES (29, '2021-05-11', 30, 1)
INSERT [Orders] ([ID], [dateOrder], [ClientID], [shipID]) VALUES (30, '2021-12-02', 40, 5)
INSERT [Orders] ([ID], [dateOrder], [ClientID], [shipID]) VALUES (31, '2021-02-02', 26, 1)
INSERT [Orders] ([ID], [dateOrder], [ClientID], [shipID]) VALUES (32, '2021-04-01', 13, 1)
INSERT [Orders] ([ID], [dateOrder], [ClientID], [shipID]) VALUES (33, '2021-07-14', 32, 1)
INSERT [Orders] ([ID], [dateOrder], [ClientID], [shipID]) VALUES (34, '2021-06-02', 25, 6)
INSERT [Orders] ([ID], [dateOrder], [ClientID], [shipID]) VALUES (35, '2021-01-28', 15, 4)
INSERT [Orders] ([ID], [dateOrder], [ClientID], [shipID]) VALUES (36, '2021-02-11', 28, 2)
INSERT [Orders] ([ID], [dateOrder], [ClientID], [shipID]) VALUES (37, '2021-10-03', 48, 5)
INSERT [Orders] ([ID], [dateOrder], [ClientID], [shipID]) VALUES (38, '2021-09-05', 52, 1)
INSERT [Orders] ([ID], [dateOrder], [ClientID], [shipID]) VALUES (39, '2021-07-09', 31, 3)
INSERT [Orders] ([ID], [dateOrder], [ClientID], [shipID]) VALUES (40, '2021-08-12', 34, 1)
INSERT [Orders] ([ID], [dateOrder], [ClientID], [shipID]) VALUES (41, '2021-02-18', 27, 2)
INSERT [Orders] ([ID], [dateOrder], [ClientID], [shipID]) VALUES (42, '2021-01-05', 53, 5)
INSERT [Orders] ([ID], [dateOrder], [ClientID], [shipID]) VALUES (43, '2021-03-29', 55, 6)
INSERT [Orders] ([ID], [dateOrder], [ClientID], [shipID]) VALUES (44, '2021-04-30', 55, 6)
INSERT [Orders] ([ID], [dateOrder], [ClientID], [shipID]) VALUES (45, '2021-02-01', 57, 1)
INSERT [Orders] ([ID], [dateOrder], [ClientID], [shipID]) VALUES (46, '2021-07-11', 9, 3)
INSERT [Orders] ([ID], [dateOrder], [ClientID], [shipID]) VALUES (47, '2021-12-10', 3, 2)
GO

INSERT [OrderDetails] ([orderID], [wareID], [Quantity], [UnitPrice]) VALUES(1, 1, 2, 30000)
INSERT [OrderDetails] ([orderID], [wareID], [Quantity], [UnitPrice]) VALUES(3, 4, 3, 135000)
INSERT [OrderDetails] ([orderID], [wareID], [Quantity], [UnitPrice]) VALUES(3, 10, 10, 150000)
INSERT [OrderDetails] ([orderID], [wareID], [Quantity], [UnitPrice]) VALUES(7, 13, 2, 2250000)
INSERT [OrderDetails] ([orderID], [wareID], [Quantity], [UnitPrice]) VALUES(9, 15, 1, 38000)
INSERT [OrderDetails] ([orderID], [wareID], [Quantity], [UnitPrice]) VALUES(11, 4, 1, 45000)
INSERT [OrderDetails] ([orderID], [wareID], [Quantity], [UnitPrice]) VALUES(2, 2, 2, 700000)
INSERT [OrderDetails] ([orderID], [wareID], [Quantity], [UnitPrice]) VALUES(5, 3, 1, 125000)
INSERT [OrderDetails] ([orderID], [wareID], [Quantity], [UnitPrice]) VALUES(8, 16, 3, 216000)
INSERT [OrderDetails] ([orderID], [wareID], [Quantity], [UnitPrice]) VALUES(4, 12, 1, 2145000)
INSERT [OrderDetails] ([orderID], [wareID], [Quantity], [UnitPrice]) VALUES(5, 9, 1, 125400)
INSERT [OrderDetails] ([orderID], [wareID], [Quantity], [UnitPrice]) VALUES(10, 7, 2, 236000)
INSERT [OrderDetails] ([orderID], [wareID], [Quantity], [UnitPrice]) VALUES(7, 7, 1, 118000)
INSERT [OrderDetails] ([orderID], [wareID], [Quantity], [UnitPrice]) VALUES(6, 6, 9, 178200)
INSERT [OrderDetails] ([orderID], [wareID], [Quantity], [UnitPrice]) VALUES(6, 3, 1, 125000)
INSERT [OrderDetails] ([orderID], [wareID], [Quantity], [UnitPrice]) VALUES(12, 13, 1, 1125000)
INSERT [OrderDetails] ([orderID], [wareID], [Quantity], [UnitPrice]) VALUES(21, 8, 1, 45000)
INSERT [OrderDetails] ([orderID], [wareID], [Quantity], [UnitPrice]) VALUES(13, 8, 3, 135000)
INSERT [OrderDetails] ([orderID], [wareID], [Quantity], [UnitPrice]) VALUES(13, 14, 2, 230000)
INSERT [OrderDetails] ([orderID], [wareID], [Quantity], [UnitPrice]) VALUES(42, 27, 1, 29000)
INSERT [OrderDetails] ([orderID], [wareID], [Quantity], [UnitPrice]) VALUES(14, 31, 3, 1390000)
INSERT [OrderDetails] ([orderID], [wareID], [Quantity], [UnitPrice]) VALUES(24, 48, 1, 19000)
INSERT [OrderDetails] ([orderID], [wareID], [Quantity], [UnitPrice]) VALUES(32, 15, 4, 152000)
INSERT [OrderDetails] ([orderID], [wareID], [Quantity], [UnitPrice]) VALUES(37, 26, 2, 68000)
INSERT [OrderDetails] ([orderID], [wareID], [Quantity], [UnitPrice]) VALUES(21, 33, 1, 99000)
INSERT [OrderDetails] ([orderID], [wareID], [Quantity], [UnitPrice]) VALUES(14, 16, 4, 288000)
INSERT [OrderDetails] ([orderID], [wareID], [Quantity], [UnitPrice]) VALUES(38, 24, 1, 34000)
INSERT [OrderDetails] ([orderID], [wareID], [Quantity], [UnitPrice]) VALUES(2, 32, 1, 319000)
INSERT [OrderDetails] ([orderID], [wareID], [Quantity], [UnitPrice]) VALUES(22, 17, 3, 216000)
INSERT [OrderDetails] ([orderID], [wareID], [Quantity], [UnitPrice]) VALUES(35, 30, 1, 1390000)
INSERT [OrderDetails] ([orderID], [wareID], [Quantity], [UnitPrice]) VALUES(13, 40, 2, 38000)
INSERT [OrderDetails] ([orderID], [wareID], [Quantity], [UnitPrice]) VALUES(13, 39, 1, 19000)
INSERT [OrderDetails] ([orderID], [wareID], [Quantity], [UnitPrice]) VALUES(30, 39, 2, 38000)
INSERT [OrderDetails] ([orderID], [wareID], [Quantity], [UnitPrice]) VALUES(24, 18, 1, 1990000)
INSERT [OrderDetails] ([orderID], [wareID], [Quantity], [UnitPrice]) VALUES(45, 19, 4, 99000)
INSERT [OrderDetails] ([orderID], [wareID], [Quantity], [UnitPrice]) VALUES(40, 41, 2, 2378000)
INSERT [OrderDetails] ([orderID], [wareID], [Quantity], [UnitPrice]) VALUES(39, 25, 2, 68000)
INSERT [OrderDetails] ([orderID], [wareID], [Quantity], [UnitPrice]) VALUES(31, 23, 4, 48000)
INSERT [OrderDetails] ([orderID], [wareID], [Quantity], [UnitPrice]) VALUES(12, 50, 1, 69000)
INSERT [OrderDetails] ([orderID], [wareID], [Quantity], [UnitPrice]) VALUES(41, 34, 5, 445000)
INSERT [OrderDetails] ([orderID], [wareID], [Quantity], [UnitPrice]) VALUES(15, 47, 1, 219000)
INSERT [OrderDetails] ([orderID], [wareID], [Quantity], [UnitPrice]) VALUES(42, 21, 2, 48000)
INSERT [OrderDetails] ([orderID], [wareID], [Quantity], [UnitPrice]) VALUES(16, 42, 1, 456400)
INSERT [OrderDetails] ([orderID], [wareID], [Quantity], [UnitPrice]) VALUES(46, 45, 4, 316000)
INSERT [OrderDetails] ([orderID], [wareID], [Quantity], [UnitPrice]) VALUES(23, 22, 1, 14500000)
INSERT [OrderDetails] ([orderID], [wareID], [Quantity], [UnitPrice]) VALUES(17, 43, 2, 70000)
INSERT [OrderDetails] ([orderID], [wareID], [Quantity], [UnitPrice]) VALUES(25, 38, 2, 2238000)
INSERT [OrderDetails] ([orderID], [wareID], [Quantity], [UnitPrice]) VALUES(18, 20, 1, 30000)
INSERT [OrderDetails] ([orderID], [wareID], [Quantity], [UnitPrice]) VALUES(1, 36, 1, 239000)
INSERT [OrderDetails] ([orderID], [wareID], [Quantity], [UnitPrice]) VALUES(1, 44, 4, 316000)
INSERT [OrderDetails] ([orderID], [wareID], [Quantity], [UnitPrice]) VALUES(26, 35, 1, 29000)
INSERT [OrderDetails] ([orderID], [wareID], [Quantity], [UnitPrice]) VALUES(19, 46, 5, 395000)
INSERT [OrderDetails] ([orderID], [wareID], [Quantity], [UnitPrice]) VALUES(47, 29, 1, 35000000)
INSERT [OrderDetails] ([orderID], [wareID], [Quantity], [UnitPrice]) VALUES(28, 37, 1, 450000)
INSERT [OrderDetails] ([orderID], [wareID], [Quantity], [UnitPrice]) VALUES(27, 28, 1, 2670000)
GO


--CREATE TRIGGER
CREATE Trigger InsertWare
ON Ware
After INSERT
AS
BEGIN
    SELECT wareID, wareName, price
    FROM  inserted       
END


